[
{
"mid":"1",
"mname":"Test flow-1",
"toq":20,
"taq":40,
"tsq":"20-12-2016",
"uom":"user1",
"sq":6,
"status":"Not started"
},
{
"mid":"2",
"mname":"Test flow-2",
"toq":40,
"taq":100,
"tsq":"20-12-2016",
"uom":"user2",
"sq":6,
"status":"Error"
},{
"mid":"3",
"mname":"Test flow-3",
"toq":90,
"taq":100,
"tsq":"20-12-2016",
"uom":"user3",
"sq":6,
"status":"In progress"
},{
"mid":"4",
"mname":"Test flow-4",
"toq":50,
"taq":100,
"tsq":"20-12-2016",
"uom":"user4",
"sq":6,
"status":"In progress"
},{
"mid":"5",
"mname":"Test flow-5",
"toq":30,
"taq":100,
"tsq":"20-12-2016",
"uom":"user5",
"sq":6,
"status":"Not started"
},{
"mid":"6",
"mname":"Test flow-6",
"toq":20,
"taq":100,
"tsq":"20-12-2016",
"uom":"user6",
"sq":6,
"status":"Error"
},{
"mid":"7",
"mname":"Test flow-1",
"toq":120,
"taq":100,
"tsq":"20-12-2016",
"uom":"user7",
"sq":6,
"status":"Error"
}
]